"District-wise Flood Inundation Statistics of Khulna Division, 2024",,,
,,,
District,Total Area (km²),Flooded Area (km²),Flooded Area (%)
Bagerhat,3646.18,22.50,0.617
Chuadanga,1165.10,0.40,0.034
Jessore,2584.93,15.58,0.603
Jhenaidah,1956.11,0.58,0.030
Khulna,3625.14,36.73,1.013
Kushtia,1614.73,1.59,0.098
Magura,1048.76,1.18,0.113
Meherpur,722.53,0.05,0.007
Narail,995.74,11.29,1.134
Satkhira,3390.40,37.92,1.119
Total / Overall,20749.63,127.82,0.62
,,,
Note: Overall percentage is calculated as total flooded area ÷ total district area × 100.,,,
